{
  "baseline": {
    "train_acc": [
      0.15833333333333333,
      0.2916666666666667,
      0.375,
      0.5416666666666666,
      0.7333333333333333,
      0.875,
      0.9416666666666667,
      0.9666666666666667,
      0.9833333333333333,
      1.0,
      0.9916666666666667,
      1.0,
      1.0,
      1.0,
      1.0,
      1.0,
      1.0,
      1.0,
      1.0,
      1.0,
      1.0,
      1.0,
      1.0,
      1.0,
      1.0,
      1.0,
      1.0,
      1.0
    ],
    "train_loss": [
      1.8161801099777222,
      1.7654837369918823,
      1.7154245376586914,
      1.6638457775115967,
      1.595463752746582,
      1.5172935724258423,
      1.428011417388916,
      1.3321536779403687,
      1.213626742362976,
      1.0736064910888672,
      0.9596527814865112,
      0.8216703534126282,
      0.735478401184082,
      0.6737115383148193,
      0.6437697410583496,
      0.5960855484008789,
      0.5557979345321655,
      0.524227499961853,
      0.4767123758792877,
      0.4548814296722412,
      0.42367222905158997,
      0.40269920229911804,
      0.38884419202804565,
      0.37795233726501465,
      0.36473870277404785,
      0.36174270510673523,
      0.35219380259513855,
      0.3587101101875305
    ],
    "val_acc": [
      0.178,
      0.06,
      0.066,
      0.13,
      0.292,
      0.374,
      0.394,
      0.422,
      0.412,
      0.38,
      0.36,
      0.358,
      0.382,
      0.396,
      0.392,
      0.394,
      0.392,
      0.388,
      0.384,
      0.372,
      0.362,
      0.36,
      0.35,
      0.35,
      0.346,
      0.342,
      0.344,
      0.336
    ],
    "val_loss": [
      1.7990704774856567,
      1.8157625198364258,
      1.800816297531128,
      1.7778700590133667,
      1.7507871389389038,
      1.7275575399398804,
      1.7095226049423218,
      1.6950434446334839,
      1.683066964149475,
      1.6735764741897583,
      1.6661251783370972,
      1.6565560102462769,
      1.6433429718017578,
      1.6263558864593506,
      1.6160858869552612,
      1.612987995147705,
      1.6190354824066162,
      1.6289844512939453,
      1.6407215595245361,
      1.6526589393615723,
      1.6631863117218018,
      1.671730875968933,
      1.6783831119537354,
      1.6840953826904297,
      1.6904544830322266,
      1.696732521057129,
      1.7037676572799683,
      1.7114942073822021
    ],
    "best_val_acc": 0.422,
    "best_epoch": 7,
    "test_acc": 0.428
  },
  "high_reg": {
    "train_acc": [
      0.20833333333333334,
      0.3,
      0.3333333333333333,
      0.6333333333333333,
      0.7666666666666667,
      0.8416666666666667,
      0.9333333333333333,
      0.9916666666666667,
      1.0,
      1.0,
      1.0,
      1.0,
      1.0,
      1.0,
      1.0,
      1.0,
      1.0,
      1.0,
      1.0,
      1.0,
      1.0,
      1.0,
      1.0,
      1.0,
      1.0,
      1.0,
      1.0,
      1.0,
      1.0,
      1.0,
      1.0,
      1.0
    ],
    "train_loss": [
      1.82124662399292,
      1.7655109167099,
      1.7315759658813477,
      1.6860169172286987,
      1.636677622795105,
      1.5498316287994385,
      1.4575111865997314,
      1.3869909048080444,
      1.2694032192230225,
      1.1577445268630981,
      1.0572553873062134,
      0.987232506275177,
      0.9293437004089355,
      0.8907867670059204,
      0.8578428030014038,
      0.8361450433731079,
      0.7827324271202087,
      0.7629050016403198,
      0.7401776909828186,
      0.7118469476699829,
      0.6939926147460938,
      0.6796137094497681,
      0.6612269878387451,
      0.6620792746543884,
      0.6490116715431213,
      0.6494286060333252,
      0.6370365023612976,
      0.6497117877006531,
      0.6483080387115479,
      0.6609334945678711,
      0.6601121425628662,
      0.6721381545066833
    ],
    "val_acc": [
      0.254,
      0.188,
      0.204,
      0.274,
      0.272,
      0.288,
      0.312,
      0.33,
      0.336,
      0.342,
      0.352,
      0.36,
      0.358,
      0.356,
      0.35,
      0.342,
      0.322,
      0.314,
      0.306,
      0.302,
      0.3,
      0.296,
      0.286,
      0.284,
      0.288,
      0.28,
      0.28,
      0.284,
      0.286,
      0.292,
      0.288,
      0.286
    ],
    "val_loss": [
      1.7769831418991089,
      1.7806721925735474,
      1.7758004665374756,
      1.7674646377563477,
      1.7572697401046753,
      1.7432149648666382,
      1.726309895515442,
      1.706924557685852,
      1.6867280006408691,
      1.667236328125,
      1.6535799503326416,
      1.6442029476165771,
      1.6412768363952637,
      1.6385747194290161,
      1.6413284540176392,
      1.646767497062683,
      1.6550899744033813,
      1.6664822101593018,
      1.6801189184188843,
      1.6924631595611572,
      1.7016005516052246,
      1.7091144323349,
      1.7159892320632935,
      1.7204831838607788,
      1.7226543426513672,
      1.7239724397659302,
      1.725738286972046,
      1.7273037433624268,
      1.7278180122375488,
      1.7277390956878662,
      1.7290301322937012,
      1.7301561832427979
    ],
    "best_val_acc": 0.36,
    "best_epoch": 11,
    "test_acc": 0.402
  },
  "deep_model": {
    "train_acc": [
      0.175,
      0.3333333333333333,
      0.5,
      0.7166666666666667,
      0.8083333333333333,
      0.9166666666666666,
      0.9666666666666667,
      0.9833333333333333,
      1.0,
      0.9916666666666667,
      1.0,
      1.0,
      1.0,
      1.0,
      1.0,
      1.0,
      1.0,
      1.0,
      1.0,
      1.0,
      1.0,
      1.0,
      1.0,
      1.0,
      1.0,
      1.0,
      1.0
    ],
    "train_loss": [
      1.7917729616165161,
      1.7520921230316162,
      1.7131648063659668,
      1.6632062196731567,
      1.5947962999343872,
      1.497987985610962,
      1.396654486656189,
      1.2892919778823853,
      1.1502611637115479,
      1.060798168182373,
      0.9511936902999878,
      0.890322208404541,
      0.8364231586456299,
      0.8054592609405518,
      0.7735751271247864,
      0.7311552166938782,
      0.703317403793335,
      0.6795308589935303,
      0.6577779650688171,
      0.6239787340164185,
      0.6014218926429749,
      0.6021735072135925,
      0.5847189426422119,
      0.5916004180908203,
      0.5903235077857971,
      0.5872137546539307,
      0.5868101716041565
    ],
    "val_acc": [
      0.204,
      0.206,
      0.29,
      0.372,
      0.402,
      0.428,
      0.468,
      0.45,
      0.436,
      0.438,
      0.452,
      0.454,
      0.434,
      0.418,
      0.4,
      0.386,
      0.374,
      0.35,
      0.334,
      0.33,
      0.318,
      0.314,
      0.308,
      0.306,
      0.304,
      0.304,
      0.3
    ],
    "val_loss": [
      1.787146806716919,
      1.780724048614502,
      1.7615643739700317,
      1.7388935089111328,
      1.7167426347732544,
      1.6951406002044678,
      1.6732196807861328,
      1.6510058641433716,
      1.6245694160461426,
      1.590308666229248,
      1.5555188655853271,
      1.5286649465560913,
      1.5179990530014038,
      1.5212955474853516,
      1.5289628505706787,
      1.5396780967712402,
      1.552049160003662,
      1.5659843683242798,
      1.5797228813171387,
      1.5932644605636597,
      1.6061235666275024,
      1.618074655532837,
      1.627317190170288,
      1.6362900733947754,
      1.6446589231491089,
      1.6524831056594849,
      1.6603398323059082
    ],
    "best_val_acc": 0.468,
    "best_epoch": 6,
    "test_acc": 0.442
  },