{
  "baseline": {
    "train_acc": [
      0.1357142857142857,
      0.2357142857142857,
      0.40714285714285714,
      0.4357142857142857,
      0.5571428571428572,
      0.6428571428571429,
      0.7642857142857142,
      0.7642857142857142,
      0.85,
      0.9142857142857143,
      0.95,
      0.9714285714285714,
      0.9642857142857143,
      0.9642857142857143,
      0.9642857142857143,
      0.9857142857142858,
      0.9928571428571429,
      1.0,
      0.9928571428571429,
      1.0,
      1.0,
      1.0,
      1.0,
      1.0,
      1.0,
      1.0,
      1.0,
      1.0,
      1.0,
      1.0,
      1.0,
      1.0,
      1.0
    ],
    "train_loss": [
      1.9521949291229248,
      1.9302641153335571,
      1.892897129058838,
      1.8674452304840088,
      1.8585848808288574,
      1.8021273612976074,
      1.7681115865707397,
      1.7188687324523926,
      1.6620811223983765,
      1.5813292264938354,
      1.4856806993484497,
      1.4077222347259521,
      1.3426272869110107,
      1.2312085628509521,
      1.140526533126831,
      1.0689809322357178,
      0.957155704498291,
      0.9043713808059692,
      0.8544324636459351,
      0.8021423816680908,
      0.7566667199134827,
      0.7291064262390137,
      0.6770483255386353,
      0.6247814893722534,
      0.6007853746414185,
      0.594877302646637,
      0.5689312815666199,
      0.5382856130599976,
      0.5291069149971008,
      0.5142409205436707,
      0.5041630268096924,
      0.49725624918937683,
      0.5067888498306274
    ],
    "val_acc": [
      0.214,
      0.19,
      0.202,
      0.26,
      0.286,
      0.304,
      0.362,
      0.416,
      0.436,
      0.46,
      0.476,
      0.488,
      0.492,
      0.484,
      0.48,
      0.478,
      0.476,
      0.47,
      0.482,
      0.484,
      0.482,
      0.48,
      0.488,
      0.486,
      0.492,
      0.48,
      0.476,
      0.468,
      0.466,
      0.466,
      0.466,
      0.464,
      0.466
    ],
    "val_loss": [
      1.935333490371704,
      1.9408037662506104,
      1.9433848857879639,
      1.9383567571640015,
      1.9248414039611816,
      1.9041122198104858,
      1.8824012279510498,
      1.860440731048584,
      1.839377760887146,
      1.817392349243164,
      1.7940258979797363,
      1.7697232961654663,
      1.7456992864608765,
      1.719605803489685,
      1.6942529678344727,
      1.6699618101119995,
      1.6476377248764038,
      1.628846287727356,
      1.6099051237106323,
      1.5945229530334473,
      1.5772836208343506,
      1.5622566938400269,
      1.5515053272247314,
      1.5453473329544067,
      1.5433712005615234,
      1.545865535736084,
      1.5520259141921997,
      1.5595492124557495,
      1.5658185482025146,
      1.5703403949737549,
      1.5726923942565918,
      1.5710164308547974,
      1.5668513774871826
    ],
    "best_val_acc": 0.492,
    "best_epoch": 12,
    "test_acc": 0.457
  },
  "high_reg": {
    "train_acc": [
      0.14285714285714285,
      0.2571428571428571,
      0.3142857142857143,
      0.38571428571428573,
      0.55,
      0.6142857142857143,
      0.7357142857142858,
      0.7071428571428572,
      0.8285714285714286,
      0.8857142857142857,
      0.9285714285714286,
      0.9714285714285714,
      0.9928571428571429,
      0.9928571428571429,
      1.0,
      1.0,
      1.0,
      1.0,
      1.0,
      1.0,
      1.0,
      1.0,
      1.0,
      1.0,
      1.0,
      1.0,
      1.0,
      1.0,
      1.0,
      1.0,
      1.0,
      1.0,
      1.0,
      1.0,
      1.0,
      1.0,
      1.0,
      1.0,
      1.0,
      1.0,
      1.0,
      1.0,
      1.0,
      1.0,
      1.0,
      1.0,
      1.0
    ],
    "train_loss": [
      1.987323522567749,
      1.9277368783950806,
      1.9179028272628784,
      1.8936861753463745,
      1.8564521074295044,
      1.83411705493927,
      1.793695330619812,
      1.7671915292739868,
      1.677820086479187,
      1.6187313795089722,
      1.528469204902649,
      1.4568103551864624,
      1.377042293548584,
      1.281414270401001,
      1.2010600566864014,
      1.1284979581832886,
      1.0887082815170288,
      1.0221072435379028,
      1.0036700963974,
      0.9711681604385376,
      0.9650751352310181,
      0.9281822443008423,
      0.9058758616447449,
      0.875664234161377,
      0.8546061515808105,
      0.8633002042770386,
      0.8508645296096802,
      0.8379707336425781,
      0.8404986262321472,
      0.8331747651100159,
      0.8403112292289734,
      0.8436071276664734,
      0.845587968826294,
      0.8563343286514282,
      0.865634560585022,
      0.8674362301826477,
      0.8818621039390564,
      0.876451849937439,
      0.8900821208953857,
      0.8940845131874084,
      0.9041595458984375,
      0.9206170439720154,
      0.9287287592887878,
      0.9324771165847778,
      0.9462372660636902,
      0.9521044492721558,
      0.961066722869873
    ],
    "val_acc": [
      0.258,
      0.254,
      0.118,
      0.13,
      0.208,
      0.282,
      0.35,
      0.444,
      0.462,
      0.474,
      0.482,
      0.476,
      0.48,
      0.492,
      0.498,
      0.49,
      0.488,
      0.486,
      0.486,
      0.496,
      0.5,
      0.492,
      0.5,
      0.5,
      0.5,
      0.502,
      0.508,
      0.508,
      0.5,
      0.49,
      0.498,
      0.488,
      0.486,
      0.484,
      0.484,
      0.48,
      0.478,
      0.476,
      0.472,
      0.464,
      0.456,
      0.45,
      0.45,
      0.452,
      0.45,
      0.442,
      0.436
    ],
    "val_loss": [
      1.9194507598876953,
      1.9316585063934326,
      1.9359501600265503,
      1.9256205558776855,
      1.9075560569763184,
      1.884553074836731,
      1.8596025705337524,
      1.8309710025787354,
      1.802802324295044,
      1.7744070291519165,
      1.74566650390625,
      1.7151031494140625,
      1.6835761070251465,
      1.6505383253097534,
      1.6163222789764404,
      1.585646152496338,
      1.5599173307418823,
      1.5383723974227905,
      1.5208877325057983,
      1.5062658786773682,
      1.4957913160324097,
      1.4886528253555298,
      1.4854779243469238,
      1.4840772151947021,
      1.483027696609497,
      1.4838413000106812,
      1.4841525554656982,
      1.4859344959259033,
      1.489390254020691,
      1.492836833000183,
      1.4960899353027344,
      1.498852014541626,
      1.5029877424240112,
      1.5063339471817017,
      1.5098834037780762,
      1.5125387907028198,
      1.5148249864578247,
      1.5174837112426758,
      1.5217477083206177,
      1.5257667303085327,
      1.5301223993301392,
      1.5356351137161255,
      1.5423163175582886,
      1.5497709512710571,
      1.5578769445419312,
      1.5665950775146484,
      1.5752034187316895
    ],
    "best_val_acc": 0.508,
    "best_epoch": 26,
    "test_acc": 0.492
  },
  "deep_model": {
    "train_acc": [
      0.17142857142857143,
      0.2857142857142857,
      0.29285714285714287,
      0.4,
      0.6214285714285714,
      0.6571428571428571,
      0.7142857142857143,
      0.7857142857142857,
      0.8428571428571429,
      0.8714285714285714,
      0.9357142857142857,
      0.9714285714285714,
      0.9785714285714285,
      0.9928571428571429,
      0.9928571428571429,
      1.0,
      1.0,
      0.9928571428571429,
      1.0,
      1.0,
      1.0,
      1.0,
      1.0,
      1.0,
      1.0,
      1.0,
      1.0,
      1.0,
      1.0,
      1.0,
      1.0,
      1.0,
      1.0,
      1.0,
      1.0,
      1.0,
      1.0,
      1.0,
      1.0,
      1.0,
      1.0,
      1.0,
      1.0,
      1.0,
      1.0,
      1.0,
      1.0,
      1.0,
      1.0,
      1.0,
      1.0,
      1.0,
      1.0
    ],