{"train_acc": [0.16428571428571428, 0.17857142857142858, 0.20714285714285716, 0.22857142857142856, 0.34285714285714286, 0.4857142857142857, 0.6071428571428571, 0.6571428571428571, 0.7357142857142858, 0.7428571428571429, 0.8, 0.8714285714285714, 0.8714285714285714, 0.9142857142857143, 0.9642857142857143, 0.95, 0.9571428571428572, 0.9571428571428572, 0.9857142857142858, 0.9714285714285714, 0.9714285714285714, 0.9857142857142858, 0.9928571428571429, 0.9857142857142858, 1.0, 0.9928571428571429, 1.0, 1.0, 1.0, 0.9928571428571429, 0.9928571428571429, 1.0, 1.0, 1.0, 1.0, 1.0, 1.0, 1.0, 1.0, 1.0, 1.0, 1.0, 1.0, 1.0, 1.0, 1.0, 1.0, 1.0, 1.0, 1.0, 1.0, 1.0, 1.0, 1.0, 1.0, 1.0, 1.0], "val_acc": [0.09, 0.08, 0.096, 0.126, 0.232, 0.31, 0.352, 0.344, 0.372, 0.39, 0.414, 0.43, 0.452, 0.454, 0.464, 0.466, 0.46, 0.466, 0.462, 0.464, 0.478, 0.476, 0.472, 0.474, 0.47, 0.474, 0.474, 0.484, 0.486, 0.486, 0.486, 0.488, 0.488, 0.486, 0.484, 0.484, 0.492, 0.488, 0.486, 0.484, 0.476, 0.482, 0.48, 0.482, 0.482, 0.474, 0.472, 0.468, 0.464, 0.462, 0.466, 0.462, 0.458, 0.456, 0.456, 0.452, 0.448], "train_loss": [2.0011074542999268, 1.9624035358428955, 1.9205901622772217, 1.9135746955871582, 1.888548731803894, 1.861801266670227, 1.8467682600021362, 1.830549716949463, 1.7827415466308594, 1.766295313835144, 1.7209289073944092, 1.6669857501983643, 1.6242640018463135, 1.5614653825759888, 1.5218321084976196, 1.4771251678466797, 1.4106791019439697, 1.378923773765564, 1.3234764337539673, 1.305806279182434, 1.2771618366241455, 1.239656686782837, 1.2245153188705444, 1.1684494018554688, 1.1645904779434204, 1.1320037841796875, 1.093559741973877, 1.086973786354065, 1.047385811805725, 1.0255030393600464, 1.0088231563568115, 0.9965413808822632, 0.947781503200531, 0.9469201564788818, 0.9450923800468445, 0.9412742853164673, 0.9302090406417847, 0.8945986032485962, 0.8794353008270264, 0.8639767169952393, 0.8599589467048645, 0.8420554399490356, 0.8524618744850159, 0.8345410227775574, 0.8217967748641968, 0.7996436357498169, 0.8342137336730957, 0.813447117805481, 0.802423357963562, 0.7960948944091797, 0.7830273509025574, 0.7981696128845215, 0.780558705329895, 0.7660261392593384, 0.7407130599021912, 0.7419319152832031, 0.7456191778182983], "val_loss": [1.955045223236084, 1.9429630041122437, 1.9307702779769897, 1.9211870431900024, 1.9104528427124023, 1.8993760347366333, 1.887701153755188, 1.8757416009902954, 1.8618793487548828, 1.8450343608856201, 1.8256590366363525, 1.8044320344924927, 1.7812349796295166, 1.7564547061920166, 1.7299097776412964, 1.702967882156372, 1.6776232719421387, 1.6540520191192627, 1.6341490745544434, 1.6177847385406494, 1.6054675579071045, 1.5960086584091187, 1.5896896123886108, 1.5852569341659546, 1.5827062129974365, 1.5804035663604736, 1.5780247449874878, 1.576246738433838, 1.5741779804229736, 1.5726584196090698, 1.5710792541503906, 1.5690754652023315, 1.5670607089996338, 1.5645534992218018, 1.561708927154541, 1.5590667724609375, 1.5564543008804321, 1.554269552230835, 1.5527912378311157, 1.5518122911453247, 1.5516761541366577, 1.5520293712615967, 1.5527766942977905, 1.5540993213653564, 1.5563695430755615, 1.559012532234192, 1.5619964599609375, 1.5653643608093262, 1.5683684349060059, 1.5717763900756836, 1.5750336647033691, 1.5776110887527466, 1.5800541639328003, 1.5817776918411255, 1.583581566810608, 1.5849287509918213, 1.5866820812225342], "best_val_acc": 0.492, "best_epoch": 36, "final_test_acc": 0.459}