{"train_loss": [0.008755078526888274, 0.0009793816412085902, 3.35410919402503e-06, 2.4550901300549644e-06, 1.9673294961374866e-06, 1.7740291161633694e-06, 1.582843988764041e-06, 1.7194879214473034e-06, 1.5432890266006096e-06, 1.5189493024314213e-06, 1.396657886664205e-06, 1.5273185977472046e-06, 1.4789608025677595e-06, 1.2108060692183537e-06, 1.0992908125901157e-06, 1.1376367649496394e-06, 1.0001496227371636e-06, 9.612984733469179e-07, 1.0160036936213146e-06, 1.022867357808403e-06, 1.2164986570369842e-06, 9.997998510700707e-07, 9.060670824931741e-07, 1.0087980205124386e-06, 9.579861641972723e-07, 8.847350803601564e-07, 9.388396987443012e-07, 8.503297128389503e-07, 8.478953853525068e-07, 9.81907058309878e-07, 8.828151075137757e-07, 8.266011442699069e-07, 8.056923937422601e-07, 8.883231032214203e-07, 8.571292127712663e-07, 8.123215989563189e-07, 8.231103957729369e-07, 8.232715338819776e-07, 8.188104212010353e-07, 8.162592891808208e-07, 7.966833731530823e-07, 7.724427540117679e-07, 7.72905792755392e-07, 7.887017731931778e-07, 7.75406980994925e-07, 7.696161654027573e-07, 7.809854689063834e-07, 7.737247453830069e-07, 7.769629202222466e-07, 7.653277989988973e-07], "test_loss": [68412.88427734375, 68412.82177734375, 68412.71240234375, 68412.66552734375, 68412.64208984375, 68412.62646484375, 68412.61865234375, 68412.61083984375, 68412.61083984375, 68412.60302734375, 68412.60302734375, 68412.60302734375, 68412.59521484375, 68412.59521484375, 68412.59521484375, 68412.59521484375, 68412.59521484375, 68412.58740234375, 68412.58740234375, 68412.58740234375, 68412.58740234375, 68412.58740234375, 68412.58740234375, 68412.58740234375, 68412.58740234375, 68412.58740234375, 68412.58740234375, 68412.58740234375, 68412.58740234375, 68412.58740234375, 68412.58740234375, 68412.58740234375, 68412.58740234375, 68412.58740234375, 68412.58740234375, 68412.58740234375, 68412.58740234375, 68412.58740234375, 68412.58740234375, 68412.58740234375, 68412.58740234375, 68412.58740234375, 68412.58740234375, 68412.58740234375, 68412.58740234375, 68412.58740234375, 68412.58740234375, 68412.58740234375, 68412.58740234375, 68412.58740234375], "commitment_loss": [3.55198251119212e-05, 5.168886684510718e-07, 2.85833281745542e-07, 1.930106613788024e-07, 1.409528736589545e-07, 1.077614558479637e-07, 8.528307077726726e-08, 6.836745391467685e-08, 6.196235769585953e-08, 4.9014467006191974e-08, 4.398905542830993e-08, 3.9315962477959557e-08, 3.4289794636326095e-08, 3.0896987169917246e-08, 2.822907819321813e-08, 2.4742720342905753e-08, 2.2344876557430546e-08, 2.0615148588980254e-08, 1.9735444176728812e-08, 1.7193169537682477e-08, 1.6160042167152093e-08, 1.4408406982488676e-08, 1.3221212033330212e-08, 1.2760173418921664e-08, 1.1701549531287812e-08, 1.0895095293427655e-08, 1.0794530173252361e-08, 8.599683559419184e-09, 8.83331311430524e-09, 7.776106593925732e-09, 7.398110690207626e-09, 6.688261908050432e-09, 6.369900705859856e-09, 6.051553484950046e-09, 5.192778430469184e-09, 5.1504300604746935e-09, 4.5600390403334615e-09, 4.20668767794589e-09, 4.149037727873037e-09, 3.6806968037869583e-09, 3.343855492563088e-09, 3.104551031479124e-09, 3.0827745206222557e-09, 2.6709935710548427e-09, 2.514270580814265e-09, 2.381825637872113e-09, 2.078009033240294e-09, 2.025526159715829e-09, 1.8191712332162498e-09, 1.7373614428815096e-09], "codebook_loss": [3.55198251119212e-05, 5.168886684510718e-07, 2.85833281745542e-07, 1.930106613788024e-07, 1.409528736589545e-07, 1.077614558479637e-07, 8.528307077726726e-08, 6.836745391467685e-08, 6.196235769585953e-08, 4.9014467006191974e-08, 4.398905542830993e-08, 3.9315962477959557e-08, 3.4289794636326095e-08, 3.0896987169917246e-08, 2.822907819321813e-08, 2.4742720342905753e-08, 2.2344876557430546e-08, 2.0615148588980254e-08, 1.9735444176728812e-08, 1.7193169537682477e-08, 1.6160042167152093e-08, 1.4408406982488676e-08, 1.3221212033330212e-08, 1.2760173418921664e-08, 1.1701549531287812e-08, 1.0895095293427655e-08, 1.0794530173252361e-08, 8.599683559419184e-09, 8.83331311430524e-09, 7.776106593925732e-09, 7.398110690207626e-09, 6.688261908050432e-09, 6.369900705859856e-09, 6.051553484950046e-09, 5.192778430469184e-09, 5.1504300604746935e-09, 4.5600390403334615e-09, 4.20668767794589e-09, 4.149037727873037e-09, 3.6806968037869583e-09, 3.343855492563088e-09, 3.104551031479124e-09, 3.0827745206222557e-09, 2.6709935710548427e-09, 2.514270580814265e-09, 2.381825637872113e-09, 2.078009033240294e-09, 2.025526159715829e-09, 1.8191712332162498e-09, 1.7373614428815096e-09], "entropy_reg": [0.0, 0.0, 0.0, 0.0, 0.0, 0.0, 0.0, 0.0, 0.0, 0.0, 0.0, 0.0, 0.0, 0.0, 0.0, 0.0, 0.0, 0.0, 0.0, 0.0, 0.0, 0.0, 0.0, 0.0, 0.0, 0.0, 0.0, 0.0, 0.0, 0.0, 0.0, 0.0, 0.0, 0.0, 0.0, 0.0, 0.0, 0.0, 0.0, 0.0, 0.0, 0.0, 0.0, 0.0, 0.0, 0.0, 0.0, 0.0, 0.0, 0.0], "l2_reg": [0.8710678941114393, 0.09787355508610696, 0.000299681765827653, 0.00022138268523715478, 0.000179113844406494, 0.0001639327335652406, 0.00014762401846562221, 0.00016340286418179174, 0.00014658361103828707, 0.00014576812522350743, 0.00013416715972585828, 0.00014781736770569707, 0.0001436098589777803, 0.00011721848620550786, 0.00010640044892591115, 0.00011067083893277965, 9.722185486930459e-05, 9.355295570025766e-05, 9.913344116320939e-05, 0.00010013759174893335, 0.00011962986315787673, 9.817893660091929e-05, 8.895405873251315e-05, 9.928478272018778e-05, 9.433592483917086e-05, 8.711162310486012e-05, 9.253465567194986e-05, 8.395801266330287e-05, 8.368537623079012e-05, 9.721869481570697e-05, 8.735674885301601e-05, 8.18240835182193e-05, 7.977300359604517e-05, 8.807586810752089e-05, 8.506382579404055e-05, 8.058835792686907e-05, 8.174103646421023e-05, 8.180131914863266e-05, 8.13624141992547e-05, 8.116584350217922e-05, 7.925035714602929e-05, 7.685620819958211e-05, 7.69052341349981e-05, 7.853630483721758e-05, 7.722641609188155e-05, 7.666389015775086e-05, 7.783879753464674e-05, 7.71192854203268e-05, 7.746889729711427e-05, 7.631561143377555e-05], "fid": [0.1331019401550293, 0.1329202651977539, 0.13303089141845703, 0.1331019401550293, 0.1331019401550293, 0.1329202651977539, 0.1330564022064209, 0.1329202651977539, 0.1330564022064209, 0.13293814659118652, 0.13300776481628418, 0.1329202651977539, 0.1331019401550293, 0.1329202651977539, 0.13300776481628418, 0.1329970359802246, 0.1330564022064209, 0.1329970359802246, 0.1331019401550293, 0.1329202651977539, 0.1330564022064209, 0.1329202651977539, 0.1330564022064209, 0.1331019401550293, 0.1331019401550293, 0.1329202651977539, 0.1331019401550293, 0.1329202651977539, 0.13303089141845703, 0.1329202651977539, 0.13300776481628418, 0.1329202651977539, 0.1330564022064209, 0.1329202651977539, 0.1330564022064209, 0.1329970359802246, 0.1331019401550293, 0.1329202651977539, 0.13303089141845703, 0.1329970359802246, 0.13300776481628418, 0.1329970359802246, 0.1331019401550293, 0.1329202651977539, 0.1331019401550293, 0.1329970359802246, 0.1330564022064209, 0.1329202651977539, 0.1330564022064209, 0.1329202651977539]}