{"train_loss": [1.4602248714828712e+16, 3.760064195124241e+16, 1.062092863416513e+20, 3.887887990372786e+22, 2.2039556050673503e+22, 2.2939918277819236e+22, 2.3953967560128513e+22, 2.4734918242785684e+22, 3.4435549820109025e+22, 6.78076875081234e+22, 1.3911294248971051e+23, 4.23804532564493e+23, 6.16124286802279e+23, 8.022073560731518e+23, 8.250202282225628e+23, 7.968343333278581e+23, 8.201562936930573e+23, 9.724293807380253e+23, 1.002864481857102e+24, 8.487833921417733e+23, 8.702988783750374e+23, 7.692461309808962e+23, 6.634349800084871e+23, 7.726081348701055e+23, 6.211420047772348e+23, 7.69686063684212e+23, 1.0545814757548111e+24, 1.5343532280269632e+24, 1.231980564027679e+24, 1.3582382374523352e+24, 1.1202512297537289e+24, 1.1838673272241255e+24, 1.2331416800435896e+24, 1.2352060110310324e+24, 8.187853149826921e+23, 9.05812367911706e+23, 9.777479051447342e+23, 1.268144777228053e+24, 1.5489439399175742e+24, 1.6788873326302522e+24, 1.4971316192399505e+24, 1.648652063216874e+24, 1.9022638349133074e+24, 2.069540766613371e+24, 1.515016566535305e+24, 1.9263849078417557e+24, 2.415142913867297e+24, 2.23899298605525e+24, 1.8002667127935084e+24, 1.7889234744328707e+24], "test_loss": [8.491042795526554e+16, 2.89257440673792e+16, 4.932097789306243e+21, 2.4169101323130215e+22, 2.4187564568674434e+22, 2.2031142973060057e+22, 2.6396235801265657e+22, 2.4490289252461256e+22, 4.483661600722676e+22, 9.77109602362339e+22, 2.0791882171866955e+23, 5.616268893004828e+23, 7.283087447884643e+23, 8.937172311257047e+23, 7.236044917832959e+23, 7.482228865956608e+23, 8.871976581755366e+23, 9.70432607776046e+23, 9.506827719199547e+23, 7.691367959949362e+23, 7.376385571507121e+23, 7.629004634325326e+23, 6.063456317502375e+23, 7.892625855925209e+23, 8.634778114277255e+23, 8.377273681691268e+23, 1.5188125336972875e+24, 1.0938464552291385e+24, 1.4099678310387386e+24, 1.241898480681859e+24, 1.262104758611984e+24, 1.224265528053616e+24, 1.2824009171316723e+24, 1.1937258848936774e+24, 8.279506410978568e+23, 9.549578251252353e+23, 1.0179583222763508e+24, 1.5367826032756373e+24, 1.5174088810388262e+24, 1.382485571327631e+24, 1.4982725142649763e+24, 1.8309305291937287e+24, 2.109080088471931e+24, 2.188705450258899e+24, 1.640315656950874e+24, 2.2103525648178087e+24, 2.5586117851943117e+24, 1.4808718167731165e+24, 2.0317064499374546e+24, 1.3736373806649335e+24], "temperature": [1.0, 0.98, 0.9603999999999999, 0.9411919999999999, 0.9223681599999999, 0.9039207967999998, 0.8858423808639998, 0.8681255332467198, 0.8507630225817854, 0.8337477621301497, 0.8170728068875467, 0.8007313507497957, 0.7847167237347998, 0.7690223892601038, 0.7536419414749017, 0.7385691026454037, 0.7237977205924956, 0.7093217661806457, 0.6951353308570327, 0.6812326242398921, 0.6676079717550942, 0.6542558123199923, 0.6411706960735924, 0.6283472821521205, 0.6157803365090782, 0.6034647297788965, 0.5913954351833186, 0.5795675264796523, 0.5679761759500592, 0.5566166524310581, 0.5454843193824369, 0.5345746329947881, 0.5238831403348924, 0.5134054775281945, 0.5031373679776306, 0.493074620618078, 0.48321312820571644, 0.4735488656416021, 0.46407788832877006, 0.45479633056219465, 0.44570040395095073, 0.4367863958719317, 0.42805066795449304, 0.41948965459540316, 0.4110998615034951, 0.4028778642734252, 0.39482030698795667, 0.38692390084819756, 0.3791854228312336, 0.37160171437460887], "fid": [0.03307366371154785, 0.029835224151611328, 0.08727645874023438, 0.10770678520202637, 0.1122598648071289, 0.11088752746582031, 0.11438798904418945, 0.11493134498596191, 0.11238718032836914, 0.11426210403442383, 0.11904478073120117, 0.11584758758544922, 0.11980175971984863, 0.11894607543945312, 0.12106466293334961, 0.11890769004821777, 0.11545944213867188, 0.11642646789550781, 0.12144613265991211, 0.1168973445892334, 0.11866927146911621, 0.11820793151855469, 0.12021088600158691, 0.11852216720581055, 0.11686849594116211, 0.11862945556640625, 0.11817717552185059, 0.11806058883666992, 0.12015151977539062, 0.1190023422241211, 0.11966514587402344, 0.12010598182678223, 0.11645197868347168, 0.11662960052490234, 0.11907744407653809, 0.11848282814025879, 0.11814165115356445, 0.11985206604003906, 0.12198090553283691, 0.11922025680541992, 0.12021255493164062, 0.11991333961486816, 0.11821699142456055, 0.11940169334411621, 0.11817550659179688, 0.1182248592376709, 0.11744880676269531, 0.1188657283782959, 0.11881804466247559, 0.11721634864807129]}