{"train_loss": [1663341977461507.0, 3.021827657715113e+20, 1.7691323690868045e+23, 1.7162375913481564e+23, 2.6274474506951945e+23, 6.879621145027783e+23, 1.2125368790513373e+24, 1.7576086042025563e+24, 2.551355935430875e+24, 3.358142905444531e+24, 3.8670927799478857e+24, 4.972098547632088e+24, 6.135178326775836e+24, 6.128731637179461e+24, 7.344388148773464e+24, 9.086651268601402e+24, 1.3244047932649335e+25, 1.513271326971155e+25, 1.8216417685162005e+25, 2.0436896870569356e+25, 2.7257367569926155e+25, 2.87534273668281e+25, 3.038362968694239e+25, 3.3196185527724997e+25, 3.2466654613076216e+25, 3.6316102006060954e+25, 4.034292537883496e+25, 3.896549063975002e+25, 4.939658519410912e+25, 5.215653470390935e+25, 4.988808057345766e+25, 5.192082738596198e+25, 6.01447008450492e+25, 6.971093447598661e+25, 7.646996533966028e+25, 7.609789018307778e+25, 8.545715918301549e+25, 1.0035633875302528e+26, 1.1118089501634222e+26, 1.1110555611924272e+26, 1.2283817099250513e+26, 1.2669111557089169e+26, 1.3667649276511012e+26, 1.3740269459679947e+26, 1.3532799047028871e+26, 1.3861823044859729e+26, 1.4348620664785597e+26, 1.441829869252882e+26, 1.4524576025312024e+26, 1.4642168826801909e+26], "train_recon_loss": [124651.6754565617, 126511.88354679507, 135373.7742067615, 135361.92181006234, 135360.74530450767, 135360.40236872603, 135358.18162563938, 135359.085058344, 135360.31937839673, 135357.1368086637, 135357.78530111094, 135359.30763966593, 135359.04348825128, 135359.47311081362, 135357.01320232576, 135357.16346307544, 135358.66116528134, 135358.55085118287, 135356.60728200927, 135357.88415121482, 135359.34247122763, 135356.8776974105, 135358.60003896258, 135356.4052809303, 135355.94371403454, 135357.77652453646, 135356.86363091433, 135357.54452725383, 135357.9682155131, 135357.63254275895, 135357.6859814578, 135356.1017772938, 135356.7849564418, 135355.63817734976, 135355.73640305307, 135357.69329443734, 135356.72173713235, 135357.36491967711, 135355.12003976182, 135355.1454203964, 135356.4594289482, 135357.54703484656, 135356.4360913523, 135355.6769751039, 135355.60389026534, 135355.8791360294, 135356.12274716274, 135355.8024046915, 135356.33067754956, 135356.06725043958], "train_quant_loss": [1663341977383086.8, 3.021827657715113e+20, 1.7691323690868045e+23, 1.7162375913481564e+23, 2.6274474506951945e+23, 6.879621145027783e+23, 1.2125368790513373e+24, 1.7576086042025563e+24, 2.551355935430875e+24, 3.358142905444531e+24, 3.8670927799478857e+24, 4.972098547632088e+24, 6.135178326775836e+24, 6.128731637179461e+24, 7.344388148773464e+24, 9.086651268601402e+24, 1.3244047932649335e+25, 1.513271326971155e+25, 1.8216417685162005e+25, 2.0436896870569356e+25, 2.7257367569926155e+25, 2.87534273668281e+25, 3.038362968694239e+25, 3.3196185527724997e+25, 3.2466654613076216e+25, 3.6316102006060954e+25, 4.034292537883496e+25, 3.896549063975002e+25, 4.939658519410912e+25, 5.215653470390935e+25, 4.988808057345766e+25, 5.192082738596198e+25, 6.01447008450492e+25, 6.971093447598661e+25, 7.646996533966028e+25, 7.609789018307778e+25, 8.545715918301549e+25, 1.0035633875302528e+26, 1.1118089501634222e+26, 1.1110555611924272e+26, 1.2283817099250513e+26, 1.2669111557089169e+26, 1.3667649276511012e+26, 1.3740269459679947e+26, 1.3532799047028871e+26, 1.3861823044859729e+26, 1.4348620664785597e+26, 1.441829869252882e+26, 1.4524576025312024e+26, 1.4642168826801909e+26], "test_loss": [1.5909982042062848e+16, 1.4212211161651376e+22, 1.7037830084983618e+23, 1.8836306229607034e+23, 3.6999389391936795e+23, 9.89434758273801e+23, 1.4537022599985357e+24, 2.0523362238585394e+24, 2.94921278641784e+24, 3.769357622008352e+24, 3.9611807199592376e+24, 5.999615331567202e+24, 5.892553491411138e+24, 6.666318420570341e+24, 7.829642339596488e+24, 9.943914254280045e+24, 1.5305587456842015e+25, 1.4750431468964628e+25, 1.8474499794241833e+25, 2.484024044566289e+25, 2.853371556646979e+25, 2.92273804454341e+25, 3.1951914825381113e+25, 3.119676233673311e+25, 3.4691958593638475e+25, 3.812528735322438e+25, 3.9309112054071085e+25, 3.820116529678301e+25, 5.09651847826737e+25, 5.00279071574404e+25, 4.681217792033023e+25, 5.75465017234451e+25, 6.729251757792013e+25, 7.725618771864237e+25, 7.561507716735006e+25, 7.948097256386204e+25, 8.833108799298261e+25, 1.1045899052706534e+26, 1.1174982392559251e+26, 1.102910040992366e+26, 1.2500361124005403e+26, 1.2701375640053067e+26, 1.3878599058240845e+26, 1.3598898225964516e+26, 1.3468337878372247e+26, 1.4373525086446322e+26, 1.4337455072483568e+26, 1.4475371116921303e+26, 1.4479242454395548e+26, 1.4460119925381913e+26], "test_recon_loss": [128088.71923828125, 135457.7900390625, 135427.0625, 135436.701171875, 135442.677734375, 135443.26953125, 135392.23046875, 135427.6689453125, 135412.3828125, 135429.5869140625, 135418.85546875, 135425.4619140625, 135417.466796875, 135405.8076171875, 135405.388671875, 135396.62890625, 135448.373046875, 135418.9765625, 135401.93359375, 135438.2939453125, 135436.7255859375, 135413.8125, 135434.9443359375, 135418.892578125, 135447.0634765625, 135425.48828125, 135423.2861328125, 135416.35546875, 135420.15234375, 135402.9287109375, 135405.09765625, 135403.9609375, 135406.4345703125, 135414.5693359375, 135418.9716796875, 135433.8955078125, 135404.0859375, 135408.5341796875, 135419.65234375, 135442.1328125, 135420.6484375, 135411.95703125, 135437.7158203125, 135413.7236328125, 135414.259765625, 135418.3359375, 135429.435546875, 135427.0859375, 135406.388671875, 135412.0244140625], "test_quant_loss": [1.5909982042062848e+16, 1.4212211161651376e+22, 1.7037830084983618e+23, 1.8836306229607034e+23, 3.6999389391936795e+23, 9.89434758273801e+23, 1.4537022599985357e+24, 2.0523362238585394e+24, 2.94921278641784e+24, 3.769357622008352e+24, 3.9611807199592376e+24, 5.999615331567202e+24, 5.892553491411138e+24, 6.666318420570341e+24, 7.829642339596488e+24, 9.943914254280045e+24, 1.5305587456842015e+25, 1.4750431468964628e+25, 1.8474499794241833e+25, 2.484024044566289e+25, 2.853371556646979e+25, 2.92273804454341e+25, 3.1951914825381113e+25, 3.119676233673311e+25, 3.4691958593638475e+25, 3.812528735322438e+25, 3.9309112054071085e+25, 3.820116529678301e+25, 5.09651847826737e+25, 5.00279071574404e+25, 4.681217792033023e+25, 5.75465017234451e+25, 6.729251757792013e+25, 7.725618771864237e+25, 7.561507716735006e+25, 7.948097256386204e+25, 8.833108799298261e+25, 1.1045899052706534e+26, 1.1174982392559251e+26, 1.102910040992366e+26, 1.2500361124005403e+26, 1.2701375640053067e+26, 1.3878599058240845e+26, 1.3598898225964516e+26, 1.3468337878372247e+26, 1.4373525086446322e+26, 1.4337455072483568e+26, 1.4475371116921303e+26, 1.4479242454395548e+26, 1.4460119925381913e+26], "fid": [0.06340956687927246, 0.09872126579284668, 0.10438418388366699, 0.10854983329772949, 0.10668063163757324, 0.11075592041015625, 0.11905908584594727, 0.11596250534057617, 0.11668634414672852, 0.12105488777160645, 0.12184262275695801, 0.1201484203338623, 0.11949920654296875, 0.11890864372253418, 0.12045979499816895, 0.11913156509399414, 0.11535263061523438, 0.11860489845275879, 0.12125968933105469, 0.11902666091918945, 0.11943912506103516, 0.11850881576538086, 0.12376737594604492, 0.11938190460205078, 0.11774063110351562, 0.11848616600036621, 0.11893820762634277, 0.11778712272644043, 0.12042999267578125, 0.1177968978881836, 0.11902594566345215, 0.1149287223815918, 0.11976385116577148, 0.11748099327087402, 0.11822915077209473, 0.11861777305603027, 0.12128734588623047, 0.11840438842773438, 0.11908173561096191, 0.11872315406799316, 0.11984825134277344, 0.11841082572937012, 0.11698627471923828, 0.11678862571716309, 0.11820149421691895, 0.11940622329711914, 0.11924982070922852, 0.11830401420593262, 0.11835837364196777, 0.11898350715637207]}