{"train_acc": [0.17142857142857143, 0.15714285714285714, 0.19285714285714287, 0.21428571428571427, 0.22857142857142856, 0.2857142857142857, 0.3357142857142857, 0.4642857142857143, 0.4785714285714286, 0.5285714285714286, 0.6, 0.6428571428571429, 0.7, 0.7285714285714285, 0.7642857142857142, 0.8071428571428572, 0.8642857142857143, 0.8785714285714286, 0.9285714285714286, 0.9071428571428571, 0.9357142857142857, 0.9285714285714286, 0.9785714285714285, 0.9785714285714285, 0.9714285714285714, 0.9857142857142858, 0.9928571428571429, 0.9857142857142858, 0.9928571428571429, 0.9857142857142858, 0.9928571428571429, 0.9857142857142858, 0.9928571428571429, 1.0, 0.9857142857142858, 1.0, 1.0, 1.0, 0.9785714285714285, 1.0, 1.0, 0.9928571428571429, 1.0, 1.0, 1.0, 1.0, 1.0, 1.0, 1.0, 1.0], "val_acc": [0.054, 0.056, 0.058, 0.056, 0.06, 0.118, 0.194, 0.228, 0.274, 0.294, 0.302, 0.286, 0.262, 0.248, 0.256, 0.276, 0.298, 0.342, 0.362, 0.388, 0.428, 0.442, 0.448, 0.446, 0.45, 0.458, 0.482, 0.492, 0.492, 0.496, 0.49, 0.47, 0.468, 0.464, 0.46, 0.462, 0.464, 0.468, 0.468, 0.472, 0.472, 0.466, 0.46, 0.45, 0.448, 0.45, 0.448, 0.456, 0.46, 0.462], "train_loss": [2.0001895427703857, 1.9841712713241577, 1.9532475471496582, 1.963715672492981, 1.9562664031982422, 1.9451878070831299, 1.934860348701477, 1.9206119775772095, 1.8986921310424805, 1.8857932090759277, 1.8553696870803833, 1.8416383266448975, 1.8175413608551025, 1.790006399154663, 1.770412564277649, 1.7433662414550781, 1.7005329132080078, 1.6589266061782837, 1.6087397336959839, 1.5866423845291138, 1.559675693511963, 1.5203218460083008, 1.4740030765533447, 1.484977126121521, 1.501204013824463, 1.426683783531189, 1.418330430984497, 1.4002101421356201, 1.3774844408035278, 1.3640623092651367, 1.3130624294281006, 1.3438918590545654, 1.3077375888824463, 1.2523322105407715, 1.287967562675476, 1.26483154296875, 1.2512974739074707, 1.2618892192840576, 1.2389891147613525, 1.2379728555679321, 1.2305434942245483, 1.2490651607513428, 1.2131640911102295, 1.2305457592010498, 1.196816086769104, 1.2180826663970947, 1.18916916847229, 1.2182828187942505, 1.2210676670074463, 1.2010905742645264], "val_loss": [2.0537497997283936, 2.0210273265838623, 1.9924721717834473, 1.967313528060913, 1.945257306098938, 1.9258085489273071, 1.9088029861450195, 1.8935267925262451, 1.8820796012878418, 1.8735969066619873, 1.8665902614593506, 1.8605061769485474, 1.8542295694351196, 1.846482515335083, 1.836990475654602, 1.8251192569732666, 1.8090218305587769, 1.7887970209121704, 1.763825535774231, 1.7350389957427979, 1.7055974006652832, 1.6801140308380127, 1.6614631414413452, 1.6485260725021362, 1.6388983726501465, 1.630576729774475, 1.6249903440475464, 1.6213902235031128, 1.6184287071228027, 1.6167789697647095, 1.6166359186172485, 1.6165217161178589, 1.6150519847869873, 1.6135882139205933, 1.6108863353729248, 1.6072295904159546, 1.6037412881851196, 1.600383996963501, 1.5973719358444214, 1.5953049659729004, 1.594812035560608, 1.5949909687042236, 1.596207857131958, 1.597690224647522, 1.59939444065094, 1.6008200645446777, 1.6016502380371094, 1.6020967960357666, 1.6021745204925537, 1.6023328304290771], "best_val_acc": 0.496, "best_epoch": 29, "final_test_acc": 0.471}