{"train_acc": [0.15, 0.16428571428571428, 0.25, 0.32142857142857145, 0.37142857142857144, 0.5, 0.5, 0.6285714285714286, 0.6571428571428571, 0.6857142857142857, 0.6714285714285714, 0.8071428571428572, 0.7714285714285715, 0.8214285714285714, 0.8857142857142857, 0.9214285714285714, 0.95, 0.9428571428571428, 0.9428571428571428, 0.9785714285714285, 0.9857142857142858, 0.9857142857142858, 1.0, 1.0, 1.0, 0.9857142857142858, 1.0, 1.0, 1.0, 1.0, 0.9928571428571429, 1.0, 1.0, 1.0, 1.0, 1.0, 1.0, 1.0, 1.0], "val_acc": [0.122, 0.142, 0.188, 0.19, 0.25, 0.298, 0.316, 0.318, 0.278, 0.27, 0.258, 0.268, 0.286, 0.314, 0.34, 0.374, 0.392, 0.418, 0.426, 0.42, 0.408, 0.378, 0.374, 0.362, 0.352, 0.354, 0.36, 0.374, 0.388, 0.388, 0.396, 0.4, 0.408, 0.42, 0.418, 0.412, 0.408, 0.402, 0.398], "train_loss": [1.9746034145355225, 1.9414012432098389, 1.9140182733535767, 1.9077041149139404, 1.8824580907821655, 1.868457317352295, 1.8385566473007202, 1.8234182596206665, 1.7791767120361328, 1.7480344772338867, 1.7285252809524536, 1.6665303707122803, 1.6270866394042969, 1.5879322290420532, 1.5369670391082764, 1.4740291833877563, 1.4254369735717773, 1.3924311399459839, 1.3430070877075195, 1.3103387355804443, 1.2636030912399292, 1.2529082298278809, 1.2108774185180664, 1.1799801588058472, 1.1731611490249634, 1.1435868740081787, 1.1401445865631104, 1.067014455795288, 1.0625437498092651, 1.0167218446731567, 1.0193359851837158, 0.9821147918701172, 0.9574174880981445, 0.9463077783584595, 0.9145492315292358, 0.9129589200019836, 0.8908964395523071, 0.8809429407119751, 0.8787721395492554], "val_loss": [2.0219006538391113, 1.9852544069290161, 1.9576692581176758, 1.9381352663040161, 1.9222151041030884, 1.9096364974975586, 1.8980666399002075, 1.8888537883758545, 1.8814564943313599, 1.8748234510421753, 1.8672329187393188, 1.857104778289795, 1.8432608842849731, 1.8258094787597656, 1.8052235841751099, 1.782010555267334, 1.7572360038757324, 1.7341903448104858, 1.7152553796768188, 1.7022682428359985, 1.6953725814819336, 1.6938071250915527, 1.6939070224761963, 1.6950448751449585, 1.6951638460159302, 1.691817045211792, 1.6857372522354126, 1.6783647537231445, 1.670669674873352, 1.6638078689575195, 1.6569945812225342, 1.651589274406433, 1.6461769342422485, 1.6409425735473633, 1.6375977993011475, 1.635774850845337, 1.6360136270523071, 1.638013482093811, 1.6399282217025757], "best_val_acc": 0.426, "best_epoch": 18, "final_test_acc": 0.389}